未来一天内小区平均用户的w,未来一天内小区PDCP流量的w,未来一天内小区平均激活用户数的w
"[[0.94527245 0.94527245 0.94527245 0.94527245 0.94527245 0.94527245
  0.94527245 0.94527245 0.94527245 0.94527245 0.94527245 0.94527245
  0.94527245 0.94527245 0.94527245 0.94527245 0.94527245 0.94527245
  0.94527245 0.94527245 0.94527245 0.94527245 0.94527245 0.94527245
  0.94527245 0.94527245 0.94527245 0.94527245 0.94527245 0.94527245
  0.94527245 0.94527245]]","[[0.94527245 0.94527245 0.94527245 0.94527245 0.94527245 0.94527245
  0.94527245 0.94527245 0.94527245 0.94527245 0.94527245 0.94527245
  0.94527245 0.94527245 0.94527245 0.94527245 0.94527245 0.94527245
  0.94527245 0.94527245 0.94527245 0.94527245 0.94527245 0.94527245
  0.94527245 0.94527245 0.94527245 0.94527245 0.94527245 0.94527245
  0.94527245 0.94527245]]","[[0.94527245 0.94527245 0.94527245 0.94527245 0.94527245 0.94527245
  0.94527245 0.94527245 0.94527245 0.94527245 0.94527245 0.94527245
  0.94527245 0.94527245 0.94527245 0.94527245 0.94527245 0.94527245
  0.94527245 0.94527245 0.94527245 0.94527245 0.94527245 0.94527245
  0.94527245 0.94527245 0.94527245 0.94527245 0.94527245 0.94527245
  0.94527245 0.94527245]]"
"[[0.94355434 0.94355434 0.94355434 0.94355434 0.94355434 0.94355434
  0.94355434 0.94355434 0.94355434 0.94355434 0.94355434 0.94355434
  0.94355434 0.94355434 0.94355434 0.94355434 0.94355434 0.94355434
  0.94355434 0.94355434 0.94355434 0.94355434 0.94355434 0.94355434
  0.94355434 0.94355434 0.94355434 0.94355434 0.94355434 0.94355434
  0.94355434 0.94355434]]","[[0.94355434 0.94355434 0.94355434 0.94355434 0.94355434 0.94355434
  0.94355434 0.94355434 0.94355434 0.94355434 0.94355434 0.94355434
  0.94355434 0.94355434 0.94355434 0.94355434 0.94355434 0.94355434
  0.94355434 0.94355434 0.94355434 0.94355434 0.94355434 0.94355434
  0.94355434 0.94355434 0.94355434 0.94355434 0.94355434 0.94355434
  0.94355434 0.94355434]]","[[0.94355434 0.94355434 0.94355434 0.94355434 0.94355434 0.94355434
  0.94355434 0.94355434 0.94355434 0.94355434 0.94355434 0.94355434
  0.94355434 0.94355434 0.94355434 0.94355434 0.94355434 0.94355434
  0.94355434 0.94355434 0.94355434 0.94355434 0.94355434 0.94355434
  0.94355434 0.94355434 0.94355434 0.94355434 0.94355434 0.94355434
  0.94355434 0.94355434]]"
"[[0.94360533 0.94360533 0.94360533 0.94360533 0.94360533 0.94360533
  0.94360533 0.94360533 0.94360533 0.94360533 0.94360533 0.94360533
  0.94360533 0.94360533 0.94360533 0.94360533 0.94360533 0.94360533
  0.94360533 0.94360533 0.94360533 0.94360533 0.94360533 0.94360533
  0.94360533 0.94360533 0.94360533 0.94360533 0.94360533 0.94360533
  0.94360533 0.94360533]]","[[0.94360533 0.94360533 0.94360533 0.94360533 0.94360533 0.94360533
  0.94360533 0.94360533 0.94360533 0.94360533 0.94360533 0.94360533
  0.94360533 0.94360533 0.94360533 0.94360533 0.94360533 0.94360533
  0.94360533 0.94360533 0.94360533 0.94360533 0.94360533 0.94360533
  0.94360533 0.94360533 0.94360533 0.94360533 0.94360533 0.94360533
  0.94360533 0.94360533]]","[[0.94360533 0.94360533 0.94360533 0.94360533 0.94360533 0.94360533
  0.94360533 0.94360533 0.94360533 0.94360533 0.94360533 0.94360533
  0.94360533 0.94360533 0.94360533 0.94360533 0.94360533 0.94360533
  0.94360533 0.94360533 0.94360533 0.94360533 0.94360533 0.94360533
  0.94360533 0.94360533 0.94360533 0.94360533 0.94360533 0.94360533
  0.94360533 0.94360533]]"
"[[0.94144466 0.94144466 0.94144466 0.94144466 0.94144466 0.94144466
  0.94144466 0.94144466 0.94144466 0.94144466 0.94144466 0.94144466
  0.94144466 0.94144466 0.94144466 0.94144466 0.94144466 0.94144466
  0.94144466 0.94144466 0.94144466 0.94144466 0.94144466 0.94144466
  0.94144466 0.94144466 0.94144466 0.94144466 0.94144466 0.94144466
  0.94144466 0.94144466]]","[[0.94144466 0.94144466 0.94144466 0.94144466 0.94144466 0.94144466
  0.94144466 0.94144466 0.94144466 0.94144466 0.94144466 0.94144466
  0.94144466 0.94144466 0.94144466 0.94144466 0.94144466 0.94144466
  0.94144466 0.94144466 0.94144466 0.94144466 0.94144466 0.94144466
  0.94144466 0.94144466 0.94144466 0.94144466 0.94144466 0.94144466
  0.94144466 0.94144466]]","[[0.94144466 0.94144466 0.94144466 0.94144466 0.94144466 0.94144466
  0.94144466 0.94144466 0.94144466 0.94144466 0.94144466 0.94144466
  0.94144466 0.94144466 0.94144466 0.94144466 0.94144466 0.94144466
  0.94144466 0.94144466 0.94144466 0.94144466 0.94144466 0.94144466
  0.94144466 0.94144466 0.94144466 0.94144466 0.94144466 0.94144466
  0.94144466 0.94144466]]"
"[[0.94607506 0.94607506 0.94607506 0.94607506 0.94607506 0.94607506
  0.94607506 0.94607506 0.94607506 0.94607506 0.94607506 0.94607506
  0.94607506 0.94607506 0.94607506 0.94607506 0.94607506 0.94607506
  0.94607506 0.94607506 0.94607506 0.94607506 0.94607506 0.94607506
  0.94607506 0.94607506 0.94607506 0.94607506 0.94607506 0.94607506
  0.94607506 0.94607506]]","[[0.94607506 0.94607506 0.94607506 0.94607506 0.94607506 0.94607506
  0.94607506 0.94607506 0.94607506 0.94607506 0.94607506 0.94607506
  0.94607506 0.94607506 0.94607506 0.94607506 0.94607506 0.94607506
  0.94607506 0.94607506 0.94607506 0.94607506 0.94607506 0.94607506
  0.94607506 0.94607506 0.94607506 0.94607506 0.94607506 0.94607506
  0.94607506 0.94607506]]","[[0.94607506 0.94607506 0.94607506 0.94607506 0.94607506 0.94607506
  0.94607506 0.94607506 0.94607506 0.94607506 0.94607506 0.94607506
  0.94607506 0.94607506 0.94607506 0.94607506 0.94607506 0.94607506
  0.94607506 0.94607506 0.94607506 0.94607506 0.94607506 0.94607506
  0.94607506 0.94607506 0.94607506 0.94607506 0.94607506 0.94607506
  0.94607506 0.94607506]]"
"[[0.94785234 0.94785234 0.94785234 0.94785234 0.94785234 0.94785234
  0.94785234 0.94785234 0.94785234 0.94785234 0.94785234 0.94785234
  0.94785234 0.94785234 0.94785234 0.94785234 0.94785234 0.94785234
  0.94785234 0.94785234 0.94785234 0.94785234 0.94785234 0.94785234
  0.94785234 0.94785234 0.94785234 0.94785234 0.94785234 0.94785234
  0.94785234 0.94785234]]","[[0.94785234 0.94785234 0.94785234 0.94785234 0.94785234 0.94785234
  0.94785234 0.94785234 0.94785234 0.94785234 0.94785234 0.94785234
  0.94785234 0.94785234 0.94785234 0.94785234 0.94785234 0.94785234
  0.94785234 0.94785234 0.94785234 0.94785234 0.94785234 0.94785234
  0.94785234 0.94785234 0.94785234 0.94785234 0.94785234 0.94785234
  0.94785234 0.94785234]]","[[0.94785234 0.94785234 0.94785234 0.94785234 0.94785234 0.94785234
  0.94785234 0.94785234 0.94785234 0.94785234 0.94785234 0.94785234
  0.94785234 0.94785234 0.94785234 0.94785234 0.94785234 0.94785234
  0.94785234 0.94785234 0.94785234 0.94785234 0.94785234 0.94785234
  0.94785234 0.94785234 0.94785234 0.94785234 0.94785234 0.94785234
  0.94785234 0.94785234]]"
"[[0.93948056 0.93948056 0.93948056 0.93948056 0.93948056 0.93948056
  0.93948056 0.93948056 0.93948056 0.93948056 0.93948056 0.93948056
  0.93948056 0.93948056 0.93948056 0.93948056 0.93948056 0.93948056
  0.93948056 0.93948056 0.93948056 0.93948056 0.93948056 0.93948056
  0.93948056 0.93948056 0.93948056 0.93948056 0.93948056 0.93948056
  0.93948056 0.93948056]]","[[0.93948056 0.93948056 0.93948056 0.93948056 0.93948056 0.93948056
  0.93948056 0.93948056 0.93948056 0.93948056 0.93948056 0.93948056
  0.93948056 0.93948056 0.93948056 0.93948056 0.93948056 0.93948056
  0.93948056 0.93948056 0.93948056 0.93948056 0.93948056 0.93948056
  0.93948056 0.93948056 0.93948056 0.93948056 0.93948056 0.93948056
  0.93948056 0.93948056]]","[[0.93948056 0.93948056 0.93948056 0.93948056 0.93948056 0.93948056
  0.93948056 0.93948056 0.93948056 0.93948056 0.93948056 0.93948056
  0.93948056 0.93948056 0.93948056 0.93948056 0.93948056 0.93948056
  0.93948056 0.93948056 0.93948056 0.93948056 0.93948056 0.93948056
  0.93948056 0.93948056 0.93948056 0.93948056 0.93948056 0.93948056
  0.93948056 0.93948056]]"
"[[0.93765546 0.93765546 0.93765546 0.93765546 0.93765546 0.93765546
  0.93765546 0.93765546 0.93765546 0.93765546 0.93765546 0.93765546
  0.93765546 0.93765546 0.93765546 0.93765546 0.93765546 0.93765546
  0.93765546 0.93765546 0.93765546 0.93765546 0.93765546 0.93765546
  0.93765546 0.93765546 0.93765546 0.93765546 0.93765546 0.93765546
  0.93765546 0.93765546]]","[[0.93765546 0.93765546 0.93765546 0.93765546 0.93765546 0.93765546
  0.93765546 0.93765546 0.93765546 0.93765546 0.93765546 0.93765546
  0.93765546 0.93765546 0.93765546 0.93765546 0.93765546 0.93765546
  0.93765546 0.93765546 0.93765546 0.93765546 0.93765546 0.93765546
  0.93765546 0.93765546 0.93765546 0.93765546 0.93765546 0.93765546
  0.93765546 0.93765546]]","[[0.93765546 0.93765546 0.93765546 0.93765546 0.93765546 0.93765546
  0.93765546 0.93765546 0.93765546 0.93765546 0.93765546 0.93765546
  0.93765546 0.93765546 0.93765546 0.93765546 0.93765546 0.93765546
  0.93765546 0.93765546 0.93765546 0.93765546 0.93765546 0.93765546
  0.93765546 0.93765546 0.93765546 0.93765546 0.93765546 0.93765546
  0.93765546 0.93765546]]"
"[[0.94080107 0.94080107 0.94080107 0.94080107 0.94080107 0.94080107
  0.94080107 0.94080107 0.94080107 0.94080107 0.94080107 0.94080107
  0.94080107 0.94080107 0.94080107 0.94080107 0.94080107 0.94080107
  0.94080107 0.94080107 0.94080107 0.94080107 0.94080107 0.94080107
  0.94080107 0.94080107 0.94080107 0.94080107 0.94080107 0.94080107
  0.94080107 0.94080107]]","[[0.94080107 0.94080107 0.94080107 0.94080107 0.94080107 0.94080107
  0.94080107 0.94080107 0.94080107 0.94080107 0.94080107 0.94080107
  0.94080107 0.94080107 0.94080107 0.94080107 0.94080107 0.94080107
  0.94080107 0.94080107 0.94080107 0.94080107 0.94080107 0.94080107
  0.94080107 0.94080107 0.94080107 0.94080107 0.94080107 0.94080107
  0.94080107 0.94080107]]","[[0.94080107 0.94080107 0.94080107 0.94080107 0.94080107 0.94080107
  0.94080107 0.94080107 0.94080107 0.94080107 0.94080107 0.94080107
  0.94080107 0.94080107 0.94080107 0.94080107 0.94080107 0.94080107
  0.94080107 0.94080107 0.94080107 0.94080107 0.94080107 0.94080107
  0.94080107 0.94080107 0.94080107 0.94080107 0.94080107 0.94080107
  0.94080107 0.94080107]]"
"[[0.94147473 0.94147473 0.94147473 0.94147473 0.94147473 0.94147473
  0.94147473 0.94147473 0.94147473 0.94147473 0.94147473 0.94147473
  0.94147473 0.94147473 0.94147473 0.94147473 0.94147473 0.94147473
  0.94147473 0.94147473 0.94147473 0.94147473 0.94147473 0.94147473
  0.94147473 0.94147473 0.94147473 0.94147473 0.94147473 0.94147473
  0.94147473 0.94147473]]","[[0.94147473 0.94147473 0.94147473 0.94147473 0.94147473 0.94147473
  0.94147473 0.94147473 0.94147473 0.94147473 0.94147473 0.94147473
  0.94147473 0.94147473 0.94147473 0.94147473 0.94147473 0.94147473
  0.94147473 0.94147473 0.94147473 0.94147473 0.94147473 0.94147473
  0.94147473 0.94147473 0.94147473 0.94147473 0.94147473 0.94147473
  0.94147473 0.94147473]]","[[0.94147473 0.94147473 0.94147473 0.94147473 0.94147473 0.94147473
  0.94147473 0.94147473 0.94147473 0.94147473 0.94147473 0.94147473
  0.94147473 0.94147473 0.94147473 0.94147473 0.94147473 0.94147473
  0.94147473 0.94147473 0.94147473 0.94147473 0.94147473 0.94147473
  0.94147473 0.94147473 0.94147473 0.94147473 0.94147473 0.94147473
  0.94147473 0.94147473]]"
"[[0.94059048 0.94059048 0.94059048 0.94059048 0.94059048 0.94059048
  0.94059048 0.94059048 0.94059048 0.94059048 0.94059048 0.94059048
  0.94059048 0.94059048 0.94059048 0.94059048 0.94059048 0.94059048
  0.94059048 0.94059048 0.94059048 0.94059048 0.94059048 0.94059048
  0.94059048 0.94059048 0.94059048 0.94059048 0.94059048 0.94059048
  0.94059048 0.94059048]]","[[0.94059048 0.94059048 0.94059048 0.94059048 0.94059048 0.94059048
  0.94059048 0.94059048 0.94059048 0.94059048 0.94059048 0.94059048
  0.94059048 0.94059048 0.94059048 0.94059048 0.94059048 0.94059048
  0.94059048 0.94059048 0.94059048 0.94059048 0.94059048 0.94059048
  0.94059048 0.94059048 0.94059048 0.94059048 0.94059048 0.94059048
  0.94059048 0.94059048]]","[[0.94059048 0.94059048 0.94059048 0.94059048 0.94059048 0.94059048
  0.94059048 0.94059048 0.94059048 0.94059048 0.94059048 0.94059048
  0.94059048 0.94059048 0.94059048 0.94059048 0.94059048 0.94059048
  0.94059048 0.94059048 0.94059048 0.94059048 0.94059048 0.94059048
  0.94059048 0.94059048 0.94059048 0.94059048 0.94059048 0.94059048
  0.94059048 0.94059048]]"
"[[0.94224996 0.94224996 0.94224996 0.94224996 0.94224996 0.94224996
  0.94224996 0.94224996 0.94224996 0.94224996 0.94224996 0.94224996
  0.94224996 0.94224996 0.94224996 0.94224996 0.94224996 0.94224996
  0.94224996 0.94224996 0.94224996 0.94224996 0.94224996 0.94224996
  0.94224996 0.94224996 0.94224996 0.94224996 0.94224996 0.94224996
  0.94224996 0.94224996]]","[[0.94224996 0.94224996 0.94224996 0.94224996 0.94224996 0.94224996
  0.94224996 0.94224996 0.94224996 0.94224996 0.94224996 0.94224996
  0.94224996 0.94224996 0.94224996 0.94224996 0.94224996 0.94224996
  0.94224996 0.94224996 0.94224996 0.94224996 0.94224996 0.94224996
  0.94224996 0.94224996 0.94224996 0.94224996 0.94224996 0.94224996
  0.94224996 0.94224996]]","[[0.94224996 0.94224996 0.94224996 0.94224996 0.94224996 0.94224996
  0.94224996 0.94224996 0.94224996 0.94224996 0.94224996 0.94224996
  0.94224996 0.94224996 0.94224996 0.94224996 0.94224996 0.94224996
  0.94224996 0.94224996 0.94224996 0.94224996 0.94224996 0.94224996
  0.94224996 0.94224996 0.94224996 0.94224996 0.94224996 0.94224996
  0.94224996 0.94224996]]"
"[[0.94121696 0.94121696 0.94121696 0.94121696 0.94121696 0.94121696
  0.94121696 0.94121696 0.94121696 0.94121696 0.94121696 0.94121696
  0.94121696 0.94121696 0.94121696 0.94121696 0.94121696 0.94121696
  0.94121696 0.94121696 0.94121696 0.94121696 0.94121696 0.94121696
  0.94121696 0.94121696 0.94121696 0.94121696 0.94121696 0.94121696
  0.94121696 0.94121696]]","[[0.94121696 0.94121696 0.94121696 0.94121696 0.94121696 0.94121696
  0.94121696 0.94121696 0.94121696 0.94121696 0.94121696 0.94121696
  0.94121696 0.94121696 0.94121696 0.94121696 0.94121696 0.94121696
  0.94121696 0.94121696 0.94121696 0.94121696 0.94121696 0.94121696
  0.94121696 0.94121696 0.94121696 0.94121696 0.94121696 0.94121696
  0.94121696 0.94121696]]","[[0.94121696 0.94121696 0.94121696 0.94121696 0.94121696 0.94121696
  0.94121696 0.94121696 0.94121696 0.94121696 0.94121696 0.94121696
  0.94121696 0.94121696 0.94121696 0.94121696 0.94121696 0.94121696
  0.94121696 0.94121696 0.94121696 0.94121696 0.94121696 0.94121696
  0.94121696 0.94121696 0.94121696 0.94121696 0.94121696 0.94121696
  0.94121696 0.94121696]]"
"[[0.93981364 0.93981364 0.93981364 0.93981364 0.93981364 0.93981364
  0.93981364 0.93981364 0.93981364 0.93981364 0.93981364 0.93981364
  0.93981364 0.93981364 0.93981364 0.93981364 0.93981364 0.93981364
  0.93981364 0.93981364 0.93981364 0.93981364 0.93981364 0.93981364
  0.93981364 0.93981364 0.93981364 0.93981364 0.93981364 0.93981364
  0.93981364 0.93981364]]","[[0.93981364 0.93981364 0.93981364 0.93981364 0.93981364 0.93981364
  0.93981364 0.93981364 0.93981364 0.93981364 0.93981364 0.93981364
  0.93981364 0.93981364 0.93981364 0.93981364 0.93981364 0.93981364
  0.93981364 0.93981364 0.93981364 0.93981364 0.93981364 0.93981364
  0.93981364 0.93981364 0.93981364 0.93981364 0.93981364 0.93981364
  0.93981364 0.93981364]]","[[0.93981364 0.93981364 0.93981364 0.93981364 0.93981364 0.93981364
  0.93981364 0.93981364 0.93981364 0.93981364 0.93981364 0.93981364
  0.93981364 0.93981364 0.93981364 0.93981364 0.93981364 0.93981364
  0.93981364 0.93981364 0.93981364 0.93981364 0.93981364 0.93981364
  0.93981364 0.93981364 0.93981364 0.93981364 0.93981364 0.93981364
  0.93981364 0.93981364]]"
"[[0.9436226 0.9436226 0.9436226 0.9436226 0.9436226 0.9436226 0.9436226
  0.9436226 0.9436226 0.9436226 0.9436226 0.9436226 0.9436226 0.9436226
  0.9436226 0.9436226 0.9436226 0.9436226 0.9436226 0.9436226 0.9436226
  0.9436226 0.9436226 0.9436226 0.9436226 0.9436226 0.9436226 0.9436226
  0.9436226 0.9436226 0.9436226 0.9436226]]","[[0.9436226 0.9436226 0.9436226 0.9436226 0.9436226 0.9436226 0.9436226
  0.9436226 0.9436226 0.9436226 0.9436226 0.9436226 0.9436226 0.9436226
  0.9436226 0.9436226 0.9436226 0.9436226 0.9436226 0.9436226 0.9436226
  0.9436226 0.9436226 0.9436226 0.9436226 0.9436226 0.9436226 0.9436226
  0.9436226 0.9436226 0.9436226 0.9436226]]","[[0.9436226 0.9436226 0.9436226 0.9436226 0.9436226 0.9436226 0.9436226
  0.9436226 0.9436226 0.9436226 0.9436226 0.9436226 0.9436226 0.9436226
  0.9436226 0.9436226 0.9436226 0.9436226 0.9436226 0.9436226 0.9436226
  0.9436226 0.9436226 0.9436226 0.9436226 0.9436226 0.9436226 0.9436226
  0.9436226 0.9436226 0.9436226 0.9436226]]"
"[[0.93983112 0.93983112 0.93983112 0.93983112 0.93983112 0.93983112
  0.93983112 0.93983112 0.93983112 0.93983112 0.93983112 0.93983112
  0.93983112 0.93983112 0.93983112 0.93983112 0.93983112 0.93983112
  0.93983112 0.93983112 0.93983112 0.93983112 0.93983112 0.93983112
  0.93983112 0.93983112 0.93983112 0.93983112 0.93983112 0.93983112
  0.93983112 0.93983112]]","[[0.93983112 0.93983112 0.93983112 0.93983112 0.93983112 0.93983112
  0.93983112 0.93983112 0.93983112 0.93983112 0.93983112 0.93983112
  0.93983112 0.93983112 0.93983112 0.93983112 0.93983112 0.93983112
  0.93983112 0.93983112 0.93983112 0.93983112 0.93983112 0.93983112
  0.93983112 0.93983112 0.93983112 0.93983112 0.93983112 0.93983112
  0.93983112 0.93983112]]","[[0.93983112 0.93983112 0.93983112 0.93983112 0.93983112 0.93983112
  0.93983112 0.93983112 0.93983112 0.93983112 0.93983112 0.93983112
  0.93983112 0.93983112 0.93983112 0.93983112 0.93983112 0.93983112
  0.93983112 0.93983112 0.93983112 0.93983112 0.93983112 0.93983112
  0.93983112 0.93983112 0.93983112 0.93983112 0.93983112 0.93983112
  0.93983112 0.93983112]]"
"[[0.93500516 0.93500516 0.93500516 0.93500516 0.93500516 0.93500516
  0.93500516 0.93500516 0.93500516 0.93500516 0.93500516 0.93500516
  0.93500516 0.93500516 0.93500516 0.93500516 0.93500516 0.93500516
  0.93500516 0.93500516 0.93500516 0.93500516 0.93500516 0.93500516
  0.93500516 0.93500516 0.93500516 0.93500516 0.93500516 0.93500516
  0.93500516 0.93500516]]","[[0.93500516 0.93500516 0.93500516 0.93500516 0.93500516 0.93500516
  0.93500516 0.93500516 0.93500516 0.93500516 0.93500516 0.93500516
  0.93500516 0.93500516 0.93500516 0.93500516 0.93500516 0.93500516
  0.93500516 0.93500516 0.93500516 0.93500516 0.93500516 0.93500516
  0.93500516 0.93500516 0.93500516 0.93500516 0.93500516 0.93500516
  0.93500516 0.93500516]]","[[0.93500516 0.93500516 0.93500516 0.93500516 0.93500516 0.93500516
  0.93500516 0.93500516 0.93500516 0.93500516 0.93500516 0.93500516
  0.93500516 0.93500516 0.93500516 0.93500516 0.93500516 0.93500516
  0.93500516 0.93500516 0.93500516 0.93500516 0.93500516 0.93500516
  0.93500516 0.93500516 0.93500516 0.93500516 0.93500516 0.93500516
  0.93500516 0.93500516]]"
"[[0.93727267 0.93727267 0.93727267 0.93727267 0.93727267 0.93727267
  0.93727267 0.93727267 0.93727267 0.93727267 0.93727267 0.93727267
  0.93727267 0.93727267 0.93727267 0.93727267 0.93727267 0.93727267
  0.93727267 0.93727267 0.93727267 0.93727267 0.93727267 0.93727267
  0.93727267 0.93727267 0.93727267 0.93727267 0.93727267 0.93727267
  0.93727267 0.93727267]]","[[0.93727267 0.93727267 0.93727267 0.93727267 0.93727267 0.93727267
  0.93727267 0.93727267 0.93727267 0.93727267 0.93727267 0.93727267
  0.93727267 0.93727267 0.93727267 0.93727267 0.93727267 0.93727267
  0.93727267 0.93727267 0.93727267 0.93727267 0.93727267 0.93727267
  0.93727267 0.93727267 0.93727267 0.93727267 0.93727267 0.93727267
  0.93727267 0.93727267]]","[[0.93727267 0.93727267 0.93727267 0.93727267 0.93727267 0.93727267
  0.93727267 0.93727267 0.93727267 0.93727267 0.93727267 0.93727267
  0.93727267 0.93727267 0.93727267 0.93727267 0.93727267 0.93727267
  0.93727267 0.93727267 0.93727267 0.93727267 0.93727267 0.93727267
  0.93727267 0.93727267 0.93727267 0.93727267 0.93727267 0.93727267
  0.93727267 0.93727267]]"
"[[0.94225933 0.94225933 0.94225933 0.94225933 0.94225933 0.94225933
  0.94225933 0.94225933 0.94225933 0.94225933 0.94225933 0.94225933
  0.94225933 0.94225933 0.94225933 0.94225933 0.94225933 0.94225933
  0.94225933 0.94225933 0.94225933 0.94225933 0.94225933 0.94225933
  0.94225933 0.94225933 0.94225933 0.94225933 0.94225933 0.94225933
  0.94225933 0.94225933]]","[[0.94225933 0.94225933 0.94225933 0.94225933 0.94225933 0.94225933
  0.94225933 0.94225933 0.94225933 0.94225933 0.94225933 0.94225933
  0.94225933 0.94225933 0.94225933 0.94225933 0.94225933 0.94225933
  0.94225933 0.94225933 0.94225933 0.94225933 0.94225933 0.94225933
  0.94225933 0.94225933 0.94225933 0.94225933 0.94225933 0.94225933
  0.94225933 0.94225933]]","[[0.94225933 0.94225933 0.94225933 0.94225933 0.94225933 0.94225933
  0.94225933 0.94225933 0.94225933 0.94225933 0.94225933 0.94225933
  0.94225933 0.94225933 0.94225933 0.94225933 0.94225933 0.94225933
  0.94225933 0.94225933 0.94225933 0.94225933 0.94225933 0.94225933
  0.94225933 0.94225933 0.94225933 0.94225933 0.94225933 0.94225933
  0.94225933 0.94225933]]"
"[[0.93870477 0.93870477 0.93870477 0.93870477 0.93870477 0.93870477
  0.93870477 0.93870477 0.93870477 0.93870477 0.93870477 0.93870477
  0.93870477 0.93870477 0.93870477 0.93870477 0.93870477 0.93870477
  0.93870477 0.93870477 0.93870477 0.93870477 0.93870477 0.93870477
  0.93870477 0.93870477 0.93870477 0.93870477 0.93870477 0.93870477
  0.93870477 0.93870477]]","[[0.93870477 0.93870477 0.93870477 0.93870477 0.93870477 0.93870477
  0.93870477 0.93870477 0.93870477 0.93870477 0.93870477 0.93870477
  0.93870477 0.93870477 0.93870477 0.93870477 0.93870477 0.93870477
  0.93870477 0.93870477 0.93870477 0.93870477 0.93870477 0.93870477
  0.93870477 0.93870477 0.93870477 0.93870477 0.93870477 0.93870477
  0.93870477 0.93870477]]","[[0.93870477 0.93870477 0.93870477 0.93870477 0.93870477 0.93870477
  0.93870477 0.93870477 0.93870477 0.93870477 0.93870477 0.93870477
  0.93870477 0.93870477 0.93870477 0.93870477 0.93870477 0.93870477
  0.93870477 0.93870477 0.93870477 0.93870477 0.93870477 0.93870477
  0.93870477 0.93870477 0.93870477 0.93870477 0.93870477 0.93870477
  0.93870477 0.93870477]]"
"[[0.93693929 0.93693929 0.93693929 0.93693929 0.93693929 0.93693929
  0.93693929 0.93693929 0.93693929 0.93693929 0.93693929 0.93693929
  0.93693929 0.93693929 0.93693929 0.93693929 0.93693929 0.93693929
  0.93693929 0.93693929 0.93693929 0.93693929 0.93693929 0.93693929
  0.93693929 0.93693929 0.93693929 0.93693929 0.93693929 0.93693929
  0.93693929 0.93693929]]","[[0.93693929 0.93693929 0.93693929 0.93693929 0.93693929 0.93693929
  0.93693929 0.93693929 0.93693929 0.93693929 0.93693929 0.93693929
  0.93693929 0.93693929 0.93693929 0.93693929 0.93693929 0.93693929
  0.93693929 0.93693929 0.93693929 0.93693929 0.93693929 0.93693929
  0.93693929 0.93693929 0.93693929 0.93693929 0.93693929 0.93693929
  0.93693929 0.93693929]]","[[0.93693929 0.93693929 0.93693929 0.93693929 0.93693929 0.93693929
  0.93693929 0.93693929 0.93693929 0.93693929 0.93693929 0.93693929
  0.93693929 0.93693929 0.93693929 0.93693929 0.93693929 0.93693929
  0.93693929 0.93693929 0.93693929 0.93693929 0.93693929 0.93693929
  0.93693929 0.93693929 0.93693929 0.93693929 0.93693929 0.93693929
  0.93693929 0.93693929]]"
"[[0.92907288 0.92907288 0.92907288 0.92907288 0.92907288 0.92907288
  0.92907288 0.92907288 0.92907288 0.92907288 0.92907288 0.92907288
  0.92907288 0.92907288 0.92907288 0.92907288 0.92907288 0.92907288
  0.92907288 0.92907288 0.92907288 0.92907288 0.92907288 0.92907288
  0.92907288 0.92907288 0.92907288 0.92907288 0.92907288 0.92907288
  0.92907288 0.92907288]]","[[0.92907288 0.92907288 0.92907288 0.92907288 0.92907288 0.92907288
  0.92907288 0.92907288 0.92907288 0.92907288 0.92907288 0.92907288
  0.92907288 0.92907288 0.92907288 0.92907288 0.92907288 0.92907288
  0.92907288 0.92907288 0.92907288 0.92907288 0.92907288 0.92907288
  0.92907288 0.92907288 0.92907288 0.92907288 0.92907288 0.92907288
  0.92907288 0.92907288]]","[[0.92907288 0.92907288 0.92907288 0.92907288 0.92907288 0.92907288
  0.92907288 0.92907288 0.92907288 0.92907288 0.92907288 0.92907288
  0.92907288 0.92907288 0.92907288 0.92907288 0.92907288 0.92907288
  0.92907288 0.92907288 0.92907288 0.92907288 0.92907288 0.92907288
  0.92907288 0.92907288 0.92907288 0.92907288 0.92907288 0.92907288
  0.92907288 0.92907288]]"
"[[0.93713148 0.93713148 0.93713148 0.93713148 0.93713148 0.93713148
  0.93713148 0.93713148 0.93713148 0.93713148 0.93713148 0.93713148
  0.93713148 0.93713148 0.93713148 0.93713148 0.93713148 0.93713148
  0.93713148 0.93713148 0.93713148 0.93713148 0.93713148 0.93713148
  0.93713148 0.93713148 0.93713148 0.93713148 0.93713148 0.93713148
  0.93713148 0.93713148]]","[[0.93713148 0.93713148 0.93713148 0.93713148 0.93713148 0.93713148
  0.93713148 0.93713148 0.93713148 0.93713148 0.93713148 0.93713148
  0.93713148 0.93713148 0.93713148 0.93713148 0.93713148 0.93713148
  0.93713148 0.93713148 0.93713148 0.93713148 0.93713148 0.93713148
  0.93713148 0.93713148 0.93713148 0.93713148 0.93713148 0.93713148
  0.93713148 0.93713148]]","[[0.93713148 0.93713148 0.93713148 0.93713148 0.93713148 0.93713148
  0.93713148 0.93713148 0.93713148 0.93713148 0.93713148 0.93713148
  0.93713148 0.93713148 0.93713148 0.93713148 0.93713148 0.93713148
  0.93713148 0.93713148 0.93713148 0.93713148 0.93713148 0.93713148
  0.93713148 0.93713148 0.93713148 0.93713148 0.93713148 0.93713148
  0.93713148 0.93713148]]"
"[[0.94649555 0.94649555 0.94649555 0.94649555 0.94649555 0.94649555
  0.94649555 0.94649555 0.94649555 0.94649555 0.94649555 0.94649555
  0.94649555 0.94649555 0.94649555 0.94649555 0.94649555 0.94649555
  0.94649555 0.94649555 0.94649555 0.94649555 0.94649555 0.94649555
  0.94649555 0.94649555 0.94649555 0.94649555 0.94649555 0.94649555
  0.94649555 0.94649555]]","[[0.94649555 0.94649555 0.94649555 0.94649555 0.94649555 0.94649555
  0.94649555 0.94649555 0.94649555 0.94649555 0.94649555 0.94649555
  0.94649555 0.94649555 0.94649555 0.94649555 0.94649555 0.94649555
  0.94649555 0.94649555 0.94649555 0.94649555 0.94649555 0.94649555
  0.94649555 0.94649555 0.94649555 0.94649555 0.94649555 0.94649555
  0.94649555 0.94649555]]","[[0.94649555 0.94649555 0.94649555 0.94649555 0.94649555 0.94649555
  0.94649555 0.94649555 0.94649555 0.94649555 0.94649555 0.94649555
  0.94649555 0.94649555 0.94649555 0.94649555 0.94649555 0.94649555
  0.94649555 0.94649555 0.94649555 0.94649555 0.94649555 0.94649555
  0.94649555 0.94649555 0.94649555 0.94649555 0.94649555 0.94649555
  0.94649555 0.94649555]]"
"[[0.94347943 0.94347943 0.94347943 0.94347943 0.94347943 0.94347943
  0.94347943 0.94347943 0.94347943 0.94347943 0.94347943 0.94347943
  0.94347943 0.94347943 0.94347943 0.94347943 0.94347943 0.94347943
  0.94347943 0.94347943 0.94347943 0.94347943 0.94347943 0.94347943
  0.94347943 0.94347943 0.94347943 0.94347943 0.94347943 0.94347943
  0.94347943 0.94347943]]","[[0.94347943 0.94347943 0.94347943 0.94347943 0.94347943 0.94347943
  0.94347943 0.94347943 0.94347943 0.94347943 0.94347943 0.94347943
  0.94347943 0.94347943 0.94347943 0.94347943 0.94347943 0.94347943
  0.94347943 0.94347943 0.94347943 0.94347943 0.94347943 0.94347943
  0.94347943 0.94347943 0.94347943 0.94347943 0.94347943 0.94347943
  0.94347943 0.94347943]]","[[0.94347943 0.94347943 0.94347943 0.94347943 0.94347943 0.94347943
  0.94347943 0.94347943 0.94347943 0.94347943 0.94347943 0.94347943
  0.94347943 0.94347943 0.94347943 0.94347943 0.94347943 0.94347943
  0.94347943 0.94347943 0.94347943 0.94347943 0.94347943 0.94347943
  0.94347943 0.94347943 0.94347943 0.94347943 0.94347943 0.94347943
  0.94347943 0.94347943]]"
"[[0.94567297 0.94567297 0.94567297 0.94567297 0.94567297 0.94567297
  0.94567297 0.94567297 0.94567297 0.94567297 0.94567297 0.94567297
  0.94567297 0.94567297 0.94567297 0.94567297 0.94567297 0.94567297
  0.94567297 0.94567297 0.94567297 0.94567297 0.94567297 0.94567297
  0.94567297 0.94567297 0.94567297 0.94567297 0.94567297 0.94567297
  0.94567297 0.94567297]]","[[0.94567297 0.94567297 0.94567297 0.94567297 0.94567297 0.94567297
  0.94567297 0.94567297 0.94567297 0.94567297 0.94567297 0.94567297
  0.94567297 0.94567297 0.94567297 0.94567297 0.94567297 0.94567297
  0.94567297 0.94567297 0.94567297 0.94567297 0.94567297 0.94567297
  0.94567297 0.94567297 0.94567297 0.94567297 0.94567297 0.94567297
  0.94567297 0.94567297]]","[[0.94567297 0.94567297 0.94567297 0.94567297 0.94567297 0.94567297
  0.94567297 0.94567297 0.94567297 0.94567297 0.94567297 0.94567297
  0.94567297 0.94567297 0.94567297 0.94567297 0.94567297 0.94567297
  0.94567297 0.94567297 0.94567297 0.94567297 0.94567297 0.94567297
  0.94567297 0.94567297 0.94567297 0.94567297 0.94567297 0.94567297
  0.94567297 0.94567297]]"
"[[0.94419566 0.94419566 0.94419566 0.94419566 0.94419566 0.94419566
  0.94419566 0.94419566 0.94419566 0.94419566 0.94419566 0.94419566
  0.94419566 0.94419566 0.94419566 0.94419566 0.94419566 0.94419566
  0.94419566 0.94419566 0.94419566 0.94419566 0.94419566 0.94419566
  0.94419566 0.94419566 0.94419566 0.94419566 0.94419566 0.94419566
  0.94419566 0.94419566]]","[[0.94419566 0.94419566 0.94419566 0.94419566 0.94419566 0.94419566
  0.94419566 0.94419566 0.94419566 0.94419566 0.94419566 0.94419566
  0.94419566 0.94419566 0.94419566 0.94419566 0.94419566 0.94419566
  0.94419566 0.94419566 0.94419566 0.94419566 0.94419566 0.94419566
  0.94419566 0.94419566 0.94419566 0.94419566 0.94419566 0.94419566
  0.94419566 0.94419566]]","[[0.94419566 0.94419566 0.94419566 0.94419566 0.94419566 0.94419566
  0.94419566 0.94419566 0.94419566 0.94419566 0.94419566 0.94419566
  0.94419566 0.94419566 0.94419566 0.94419566 0.94419566 0.94419566
  0.94419566 0.94419566 0.94419566 0.94419566 0.94419566 0.94419566
  0.94419566 0.94419566 0.94419566 0.94419566 0.94419566 0.94419566
  0.94419566 0.94419566]]"
"[[0.94784972 0.94784972 0.94784972 0.94784972 0.94784972 0.94784972
  0.94784972 0.94784972 0.94784972 0.94784972 0.94784972 0.94784972
  0.94784972 0.94784972 0.94784972 0.94784972 0.94784972 0.94784972
  0.94784972 0.94784972 0.94784972 0.94784972 0.94784972 0.94784972
  0.94784972 0.94784972 0.94784972 0.94784972 0.94784972 0.94784972
  0.94784972 0.94784972]]","[[0.94784972 0.94784972 0.94784972 0.94784972 0.94784972 0.94784972
  0.94784972 0.94784972 0.94784972 0.94784972 0.94784972 0.94784972
  0.94784972 0.94784972 0.94784972 0.94784972 0.94784972 0.94784972
  0.94784972 0.94784972 0.94784972 0.94784972 0.94784972 0.94784972
  0.94784972 0.94784972 0.94784972 0.94784972 0.94784972 0.94784972
  0.94784972 0.94784972]]","[[0.94784972 0.94784972 0.94784972 0.94784972 0.94784972 0.94784972
  0.94784972 0.94784972 0.94784972 0.94784972 0.94784972 0.94784972
  0.94784972 0.94784972 0.94784972 0.94784972 0.94784972 0.94784972
  0.94784972 0.94784972 0.94784972 0.94784972 0.94784972 0.94784972
  0.94784972 0.94784972 0.94784972 0.94784972 0.94784972 0.94784972
  0.94784972 0.94784972]]"
"[[0.94833254 0.94833254 0.94833254 0.94833254 0.94833254 0.94833254
  0.94833254 0.94833254 0.94833254 0.94833254 0.94833254 0.94833254
  0.94833254 0.94833254 0.94833254 0.94833254 0.94833254 0.94833254
  0.94833254 0.94833254 0.94833254 0.94833254 0.94833254 0.94833254
  0.94833254 0.94833254 0.94833254 0.94833254 0.94833254 0.94833254
  0.94833254 0.94833254]]","[[0.94833254 0.94833254 0.94833254 0.94833254 0.94833254 0.94833254
  0.94833254 0.94833254 0.94833254 0.94833254 0.94833254 0.94833254
  0.94833254 0.94833254 0.94833254 0.94833254 0.94833254 0.94833254
  0.94833254 0.94833254 0.94833254 0.94833254 0.94833254 0.94833254
  0.94833254 0.94833254 0.94833254 0.94833254 0.94833254 0.94833254
  0.94833254 0.94833254]]","[[0.94833254 0.94833254 0.94833254 0.94833254 0.94833254 0.94833254
  0.94833254 0.94833254 0.94833254 0.94833254 0.94833254 0.94833254
  0.94833254 0.94833254 0.94833254 0.94833254 0.94833254 0.94833254
  0.94833254 0.94833254 0.94833254 0.94833254 0.94833254 0.94833254
  0.94833254 0.94833254 0.94833254 0.94833254 0.94833254 0.94833254
  0.94833254 0.94833254]]"
"[[0.94598031 0.94598031 0.94598031 0.94598031 0.94598031 0.94598031
  0.94598031 0.94598031 0.94598031 0.94598031 0.94598031 0.94598031
  0.94598031 0.94598031 0.94598031 0.94598031 0.94598031 0.94598031
  0.94598031 0.94598031 0.94598031 0.94598031 0.94598031 0.94598031
  0.94598031 0.94598031 0.94598031 0.94598031 0.94598031 0.94598031
  0.94598031 0.94598031]]","[[0.94598031 0.94598031 0.94598031 0.94598031 0.94598031 0.94598031
  0.94598031 0.94598031 0.94598031 0.94598031 0.94598031 0.94598031
  0.94598031 0.94598031 0.94598031 0.94598031 0.94598031 0.94598031
  0.94598031 0.94598031 0.94598031 0.94598031 0.94598031 0.94598031
  0.94598031 0.94598031 0.94598031 0.94598031 0.94598031 0.94598031
  0.94598031 0.94598031]]","[[0.94598031 0.94598031 0.94598031 0.94598031 0.94598031 0.94598031
  0.94598031 0.94598031 0.94598031 0.94598031 0.94598031 0.94598031
  0.94598031 0.94598031 0.94598031 0.94598031 0.94598031 0.94598031
  0.94598031 0.94598031 0.94598031 0.94598031 0.94598031 0.94598031
  0.94598031 0.94598031 0.94598031 0.94598031 0.94598031 0.94598031
  0.94598031 0.94598031]]"
"[[0.945471 0.945471 0.945471 0.945471 0.945471 0.945471 0.945471 0.945471
  0.945471 0.945471 0.945471 0.945471 0.945471 0.945471 0.945471 0.945471
  0.945471 0.945471 0.945471 0.945471 0.945471 0.945471 0.945471 0.945471
  0.945471 0.945471 0.945471 0.945471 0.945471 0.945471 0.945471 0.945471]]","[[0.945471 0.945471 0.945471 0.945471 0.945471 0.945471 0.945471 0.945471
  0.945471 0.945471 0.945471 0.945471 0.945471 0.945471 0.945471 0.945471
  0.945471 0.945471 0.945471 0.945471 0.945471 0.945471 0.945471 0.945471
  0.945471 0.945471 0.945471 0.945471 0.945471 0.945471 0.945471 0.945471]]","[[0.945471 0.945471 0.945471 0.945471 0.945471 0.945471 0.945471 0.945471
  0.945471 0.945471 0.945471 0.945471 0.945471 0.945471 0.945471 0.945471
  0.945471 0.945471 0.945471 0.945471 0.945471 0.945471 0.945471 0.945471
  0.945471 0.945471 0.945471 0.945471 0.945471 0.945471 0.945471 0.945471]]"
"[[0.94194664 0.94194664 0.94194664 0.94194664 0.94194664 0.94194664
  0.94194664 0.94194664 0.94194664 0.94194664 0.94194664 0.94194664
  0.94194664 0.94194664 0.94194664 0.94194664 0.94194664 0.94194664
  0.94194664 0.94194664 0.94194664 0.94194664 0.94194664 0.94194664
  0.94194664 0.94194664 0.94194664 0.94194664 0.94194664 0.94194664
  0.94194664 0.94194664]]","[[0.94194664 0.94194664 0.94194664 0.94194664 0.94194664 0.94194664
  0.94194664 0.94194664 0.94194664 0.94194664 0.94194664 0.94194664
  0.94194664 0.94194664 0.94194664 0.94194664 0.94194664 0.94194664
  0.94194664 0.94194664 0.94194664 0.94194664 0.94194664 0.94194664
  0.94194664 0.94194664 0.94194664 0.94194664 0.94194664 0.94194664
  0.94194664 0.94194664]]","[[0.94194664 0.94194664 0.94194664 0.94194664 0.94194664 0.94194664
  0.94194664 0.94194664 0.94194664 0.94194664 0.94194664 0.94194664
  0.94194664 0.94194664 0.94194664 0.94194664 0.94194664 0.94194664
  0.94194664 0.94194664 0.94194664 0.94194664 0.94194664 0.94194664
  0.94194664 0.94194664 0.94194664 0.94194664 0.94194664 0.94194664
  0.94194664 0.94194664]]"
"[[0.94220348 0.94220348 0.94220348 0.94220348 0.94220348 0.94220348
  0.94220348 0.94220348 0.94220348 0.94220348 0.94220348 0.94220348
  0.94220348 0.94220348 0.94220348 0.94220348 0.94220348 0.94220348
  0.94220348 0.94220348 0.94220348 0.94220348 0.94220348 0.94220348
  0.94220348 0.94220348 0.94220348 0.94220348 0.94220348 0.94220348
  0.94220348 0.94220348]]","[[0.94220348 0.94220348 0.94220348 0.94220348 0.94220348 0.94220348
  0.94220348 0.94220348 0.94220348 0.94220348 0.94220348 0.94220348
  0.94220348 0.94220348 0.94220348 0.94220348 0.94220348 0.94220348
  0.94220348 0.94220348 0.94220348 0.94220348 0.94220348 0.94220348
  0.94220348 0.94220348 0.94220348 0.94220348 0.94220348 0.94220348
  0.94220348 0.94220348]]","[[0.94220348 0.94220348 0.94220348 0.94220348 0.94220348 0.94220348
  0.94220348 0.94220348 0.94220348 0.94220348 0.94220348 0.94220348
  0.94220348 0.94220348 0.94220348 0.94220348 0.94220348 0.94220348
  0.94220348 0.94220348 0.94220348 0.94220348 0.94220348 0.94220348
  0.94220348 0.94220348 0.94220348 0.94220348 0.94220348 0.94220348
  0.94220348 0.94220348]]"
"[[0.93882113 0.93882113 0.93882113 0.93882113 0.93882113 0.93882113
  0.93882113 0.93882113 0.93882113 0.93882113 0.93882113 0.93882113
  0.93882113 0.93882113 0.93882113 0.93882113 0.93882113 0.93882113
  0.93882113 0.93882113 0.93882113 0.93882113 0.93882113 0.93882113
  0.93882113 0.93882113 0.93882113 0.93882113 0.93882113 0.93882113
  0.93882113 0.93882113]]","[[0.93882113 0.93882113 0.93882113 0.93882113 0.93882113 0.93882113
  0.93882113 0.93882113 0.93882113 0.93882113 0.93882113 0.93882113
  0.93882113 0.93882113 0.93882113 0.93882113 0.93882113 0.93882113
  0.93882113 0.93882113 0.93882113 0.93882113 0.93882113 0.93882113
  0.93882113 0.93882113 0.93882113 0.93882113 0.93882113 0.93882113
  0.93882113 0.93882113]]","[[0.93882113 0.93882113 0.93882113 0.93882113 0.93882113 0.93882113
  0.93882113 0.93882113 0.93882113 0.93882113 0.93882113 0.93882113
  0.93882113 0.93882113 0.93882113 0.93882113 0.93882113 0.93882113
  0.93882113 0.93882113 0.93882113 0.93882113 0.93882113 0.93882113
  0.93882113 0.93882113 0.93882113 0.93882113 0.93882113 0.93882113
  0.93882113 0.93882113]]"
"[[0.93642455 0.93642455 0.93642455 0.93642455 0.93642455 0.93642455
  0.93642455 0.93642455 0.93642455 0.93642455 0.93642455 0.93642455
  0.93642455 0.93642455 0.93642455 0.93642455 0.93642455 0.93642455
  0.93642455 0.93642455 0.93642455 0.93642455 0.93642455 0.93642455
  0.93642455 0.93642455 0.93642455 0.93642455 0.93642455 0.93642455
  0.93642455 0.93642455]]","[[0.93642455 0.93642455 0.93642455 0.93642455 0.93642455 0.93642455
  0.93642455 0.93642455 0.93642455 0.93642455 0.93642455 0.93642455
  0.93642455 0.93642455 0.93642455 0.93642455 0.93642455 0.93642455
  0.93642455 0.93642455 0.93642455 0.93642455 0.93642455 0.93642455
  0.93642455 0.93642455 0.93642455 0.93642455 0.93642455 0.93642455
  0.93642455 0.93642455]]","[[0.93642455 0.93642455 0.93642455 0.93642455 0.93642455 0.93642455
  0.93642455 0.93642455 0.93642455 0.93642455 0.93642455 0.93642455
  0.93642455 0.93642455 0.93642455 0.93642455 0.93642455 0.93642455
  0.93642455 0.93642455 0.93642455 0.93642455 0.93642455 0.93642455
  0.93642455 0.93642455 0.93642455 0.93642455 0.93642455 0.93642455
  0.93642455 0.93642455]]"
"[[0.93678182 0.93678182 0.93678182 0.93678182 0.93678182 0.93678182
  0.93678182 0.93678182 0.93678182 0.93678182 0.93678182 0.93678182
  0.93678182 0.93678182 0.93678182 0.93678182 0.93678182 0.93678182
  0.93678182 0.93678182 0.93678182 0.93678182 0.93678182 0.93678182
  0.93678182 0.93678182 0.93678182 0.93678182 0.93678182 0.93678182
  0.93678182 0.93678182]]","[[0.93678182 0.93678182 0.93678182 0.93678182 0.93678182 0.93678182
  0.93678182 0.93678182 0.93678182 0.93678182 0.93678182 0.93678182
  0.93678182 0.93678182 0.93678182 0.93678182 0.93678182 0.93678182
  0.93678182 0.93678182 0.93678182 0.93678182 0.93678182 0.93678182
  0.93678182 0.93678182 0.93678182 0.93678182 0.93678182 0.93678182
  0.93678182 0.93678182]]","[[0.93678182 0.93678182 0.93678182 0.93678182 0.93678182 0.93678182
  0.93678182 0.93678182 0.93678182 0.93678182 0.93678182 0.93678182
  0.93678182 0.93678182 0.93678182 0.93678182 0.93678182 0.93678182
  0.93678182 0.93678182 0.93678182 0.93678182 0.93678182 0.93678182
  0.93678182 0.93678182 0.93678182 0.93678182 0.93678182 0.93678182
  0.93678182 0.93678182]]"
"[[0.93985444 0.93985444 0.93985444 0.93985444 0.93985444 0.93985444
  0.93985444 0.93985444 0.93985444 0.93985444 0.93985444 0.93985444
  0.93985444 0.93985444 0.93985444 0.93985444 0.93985444 0.93985444
  0.93985444 0.93985444 0.93985444 0.93985444 0.93985444 0.93985444
  0.93985444 0.93985444 0.93985444 0.93985444 0.93985444 0.93985444
  0.93985444 0.93985444]]","[[0.93985444 0.93985444 0.93985444 0.93985444 0.93985444 0.93985444
  0.93985444 0.93985444 0.93985444 0.93985444 0.93985444 0.93985444
  0.93985444 0.93985444 0.93985444 0.93985444 0.93985444 0.93985444
  0.93985444 0.93985444 0.93985444 0.93985444 0.93985444 0.93985444
  0.93985444 0.93985444 0.93985444 0.93985444 0.93985444 0.93985444
  0.93985444 0.93985444]]","[[0.93985444 0.93985444 0.93985444 0.93985444 0.93985444 0.93985444
  0.93985444 0.93985444 0.93985444 0.93985444 0.93985444 0.93985444
  0.93985444 0.93985444 0.93985444 0.93985444 0.93985444 0.93985444
  0.93985444 0.93985444 0.93985444 0.93985444 0.93985444 0.93985444
  0.93985444 0.93985444 0.93985444 0.93985444 0.93985444 0.93985444
  0.93985444 0.93985444]]"
"[[0.93887671 0.93887671 0.93887671 0.93887671 0.93887671 0.93887671
  0.93887671 0.93887671 0.93887671 0.93887671 0.93887671 0.93887671
  0.93887671 0.93887671 0.93887671 0.93887671 0.93887671 0.93887671
  0.93887671 0.93887671 0.93887671 0.93887671 0.93887671 0.93887671
  0.93887671 0.93887671 0.93887671 0.93887671 0.93887671 0.93887671
  0.93887671 0.93887671]]","[[0.93887671 0.93887671 0.93887671 0.93887671 0.93887671 0.93887671
  0.93887671 0.93887671 0.93887671 0.93887671 0.93887671 0.93887671
  0.93887671 0.93887671 0.93887671 0.93887671 0.93887671 0.93887671
  0.93887671 0.93887671 0.93887671 0.93887671 0.93887671 0.93887671
  0.93887671 0.93887671 0.93887671 0.93887671 0.93887671 0.93887671
  0.93887671 0.93887671]]","[[0.93887671 0.93887671 0.93887671 0.93887671 0.93887671 0.93887671
  0.93887671 0.93887671 0.93887671 0.93887671 0.93887671 0.93887671
  0.93887671 0.93887671 0.93887671 0.93887671 0.93887671 0.93887671
  0.93887671 0.93887671 0.93887671 0.93887671 0.93887671 0.93887671
  0.93887671 0.93887671 0.93887671 0.93887671 0.93887671 0.93887671
  0.93887671 0.93887671]]"
"[[0.92863407 0.92863407 0.92863407 0.92863407 0.92863407 0.92863407
  0.92863407 0.92863407 0.92863407 0.92863407 0.92863407 0.92863407
  0.92863407 0.92863407 0.92863407 0.92863407 0.92863407 0.92863407
  0.92863407 0.92863407 0.92863407 0.92863407 0.92863407 0.92863407
  0.92863407 0.92863407 0.92863407 0.92863407 0.92863407 0.92863407
  0.92863407 0.92863407]]","[[0.92863407 0.92863407 0.92863407 0.92863407 0.92863407 0.92863407
  0.92863407 0.92863407 0.92863407 0.92863407 0.92863407 0.92863407
  0.92863407 0.92863407 0.92863407 0.92863407 0.92863407 0.92863407
  0.92863407 0.92863407 0.92863407 0.92863407 0.92863407 0.92863407
  0.92863407 0.92863407 0.92863407 0.92863407 0.92863407 0.92863407
  0.92863407 0.92863407]]","[[0.92863407 0.92863407 0.92863407 0.92863407 0.92863407 0.92863407
  0.92863407 0.92863407 0.92863407 0.92863407 0.92863407 0.92863407
  0.92863407 0.92863407 0.92863407 0.92863407 0.92863407 0.92863407
  0.92863407 0.92863407 0.92863407 0.92863407 0.92863407 0.92863407
  0.92863407 0.92863407 0.92863407 0.92863407 0.92863407 0.92863407
  0.92863407 0.92863407]]"
"[[0.93252546 0.93252546 0.93252546 0.93252546 0.93252546 0.93252546
  0.93252546 0.93252546 0.93252546 0.93252546 0.93252546 0.93252546
  0.93252546 0.93252546 0.93252546 0.93252546 0.93252546 0.93252546
  0.93252546 0.93252546 0.93252546 0.93252546 0.93252546 0.93252546
  0.93252546 0.93252546 0.93252546 0.93252546 0.93252546 0.93252546
  0.93252546 0.93252546]]","[[0.93252546 0.93252546 0.93252546 0.93252546 0.93252546 0.93252546
  0.93252546 0.93252546 0.93252546 0.93252546 0.93252546 0.93252546
  0.93252546 0.93252546 0.93252546 0.93252546 0.93252546 0.93252546
  0.93252546 0.93252546 0.93252546 0.93252546 0.93252546 0.93252546
  0.93252546 0.93252546 0.93252546 0.93252546 0.93252546 0.93252546
  0.93252546 0.93252546]]","[[0.93252546 0.93252546 0.93252546 0.93252546 0.93252546 0.93252546
  0.93252546 0.93252546 0.93252546 0.93252546 0.93252546 0.93252546
  0.93252546 0.93252546 0.93252546 0.93252546 0.93252546 0.93252546
  0.93252546 0.93252546 0.93252546 0.93252546 0.93252546 0.93252546
  0.93252546 0.93252546 0.93252546 0.93252546 0.93252546 0.93252546
  0.93252546 0.93252546]]"
"[[0.93700076 0.93700076 0.93700076 0.93700076 0.93700076 0.93700076
  0.93700076 0.93700076 0.93700076 0.93700076 0.93700076 0.93700076
  0.93700076 0.93700076 0.93700076 0.93700076 0.93700076 0.93700076
  0.93700076 0.93700076 0.93700076 0.93700076 0.93700076 0.93700076
  0.93700076 0.93700076 0.93700076 0.93700076 0.93700076 0.93700076
  0.93700076 0.93700076]]","[[0.93700076 0.93700076 0.93700076 0.93700076 0.93700076 0.93700076
  0.93700076 0.93700076 0.93700076 0.93700076 0.93700076 0.93700076
  0.93700076 0.93700076 0.93700076 0.93700076 0.93700076 0.93700076
  0.93700076 0.93700076 0.93700076 0.93700076 0.93700076 0.93700076
  0.93700076 0.93700076 0.93700076 0.93700076 0.93700076 0.93700076
  0.93700076 0.93700076]]","[[0.93700076 0.93700076 0.93700076 0.93700076 0.93700076 0.93700076
  0.93700076 0.93700076 0.93700076 0.93700076 0.93700076 0.93700076
  0.93700076 0.93700076 0.93700076 0.93700076 0.93700076 0.93700076
  0.93700076 0.93700076 0.93700076 0.93700076 0.93700076 0.93700076
  0.93700076 0.93700076 0.93700076 0.93700076 0.93700076 0.93700076
  0.93700076 0.93700076]]"
"[[0.9361424 0.9361424 0.9361424 0.9361424 0.9361424 0.9361424 0.9361424
  0.9361424 0.9361424 0.9361424 0.9361424 0.9361424 0.9361424 0.9361424
  0.9361424 0.9361424 0.9361424 0.9361424 0.9361424 0.9361424 0.9361424
  0.9361424 0.9361424 0.9361424 0.9361424 0.9361424 0.9361424 0.9361424
  0.9361424 0.9361424 0.9361424 0.9361424]]","[[0.9361424 0.9361424 0.9361424 0.9361424 0.9361424 0.9361424 0.9361424
  0.9361424 0.9361424 0.9361424 0.9361424 0.9361424 0.9361424 0.9361424
  0.9361424 0.9361424 0.9361424 0.9361424 0.9361424 0.9361424 0.9361424
  0.9361424 0.9361424 0.9361424 0.9361424 0.9361424 0.9361424 0.9361424
  0.9361424 0.9361424 0.9361424 0.9361424]]","[[0.9361424 0.9361424 0.9361424 0.9361424 0.9361424 0.9361424 0.9361424
  0.9361424 0.9361424 0.9361424 0.9361424 0.9361424 0.9361424 0.9361424
  0.9361424 0.9361424 0.9361424 0.9361424 0.9361424 0.9361424 0.9361424
  0.9361424 0.9361424 0.9361424 0.9361424 0.9361424 0.9361424 0.9361424
  0.9361424 0.9361424 0.9361424 0.9361424]]"
"[[0.93539409 0.93539409 0.93539409 0.93539409 0.93539409 0.93539409
  0.93539409 0.93539409 0.93539409 0.93539409 0.93539409 0.93539409
  0.93539409 0.93539409 0.93539409 0.93539409 0.93539409 0.93539409
  0.93539409 0.93539409 0.93539409 0.93539409 0.93539409 0.93539409
  0.93539409 0.93539409 0.93539409 0.93539409 0.93539409 0.93539409
  0.93539409 0.93539409]]","[[0.93539409 0.93539409 0.93539409 0.93539409 0.93539409 0.93539409
  0.93539409 0.93539409 0.93539409 0.93539409 0.93539409 0.93539409
  0.93539409 0.93539409 0.93539409 0.93539409 0.93539409 0.93539409
  0.93539409 0.93539409 0.93539409 0.93539409 0.93539409 0.93539409
  0.93539409 0.93539409 0.93539409 0.93539409 0.93539409 0.93539409
  0.93539409 0.93539409]]","[[0.93539409 0.93539409 0.93539409 0.93539409 0.93539409 0.93539409
  0.93539409 0.93539409 0.93539409 0.93539409 0.93539409 0.93539409
  0.93539409 0.93539409 0.93539409 0.93539409 0.93539409 0.93539409
  0.93539409 0.93539409 0.93539409 0.93539409 0.93539409 0.93539409
  0.93539409 0.93539409 0.93539409 0.93539409 0.93539409 0.93539409
  0.93539409 0.93539409]]"
"[[0.93165425 0.93165425 0.93165425 0.93165425 0.93165425 0.93165425
  0.93165425 0.93165425 0.93165425 0.93165425 0.93165425 0.93165425
  0.93165425 0.93165425 0.93165425 0.93165425 0.93165425 0.93165425
  0.93165425 0.93165425 0.93165425 0.93165425 0.93165425 0.93165425
  0.93165425 0.93165425 0.93165425 0.93165425 0.93165425 0.93165425
  0.93165425 0.93165425]]","[[0.93165425 0.93165425 0.93165425 0.93165425 0.93165425 0.93165425
  0.93165425 0.93165425 0.93165425 0.93165425 0.93165425 0.93165425
  0.93165425 0.93165425 0.93165425 0.93165425 0.93165425 0.93165425
  0.93165425 0.93165425 0.93165425 0.93165425 0.93165425 0.93165425
  0.93165425 0.93165425 0.93165425 0.93165425 0.93165425 0.93165425
  0.93165425 0.93165425]]","[[0.93165425 0.93165425 0.93165425 0.93165425 0.93165425 0.93165425
  0.93165425 0.93165425 0.93165425 0.93165425 0.93165425 0.93165425
  0.93165425 0.93165425 0.93165425 0.93165425 0.93165425 0.93165425
  0.93165425 0.93165425 0.93165425 0.93165425 0.93165425 0.93165425
  0.93165425 0.93165425 0.93165425 0.93165425 0.93165425 0.93165425
  0.93165425 0.93165425]]"
"[[0.93397351 0.93397351 0.93397351 0.93397351 0.93397351 0.93397351
  0.93397351 0.93397351 0.93397351 0.93397351 0.93397351 0.93397351
  0.93397351 0.93397351 0.93397351 0.93397351 0.93397351 0.93397351
  0.93397351 0.93397351 0.93397351 0.93397351 0.93397351 0.93397351
  0.93397351 0.93397351 0.93397351 0.93397351 0.93397351 0.93397351
  0.93397351 0.93397351]]","[[0.93397351 0.93397351 0.93397351 0.93397351 0.93397351 0.93397351
  0.93397351 0.93397351 0.93397351 0.93397351 0.93397351 0.93397351
  0.93397351 0.93397351 0.93397351 0.93397351 0.93397351 0.93397351
  0.93397351 0.93397351 0.93397351 0.93397351 0.93397351 0.93397351
  0.93397351 0.93397351 0.93397351 0.93397351 0.93397351 0.93397351
  0.93397351 0.93397351]]","[[0.93397351 0.93397351 0.93397351 0.93397351 0.93397351 0.93397351
  0.93397351 0.93397351 0.93397351 0.93397351 0.93397351 0.93397351
  0.93397351 0.93397351 0.93397351 0.93397351 0.93397351 0.93397351
  0.93397351 0.93397351 0.93397351 0.93397351 0.93397351 0.93397351
  0.93397351 0.93397351 0.93397351 0.93397351 0.93397351 0.93397351
  0.93397351 0.93397351]]"
"[[0.94044712 0.94044712 0.94044712 0.94044712 0.94044712 0.94044712
  0.94044712 0.94044712 0.94044712 0.94044712 0.94044712 0.94044712
  0.94044712 0.94044712 0.94044712 0.94044712 0.94044712 0.94044712
  0.94044712 0.94044712 0.94044712 0.94044712 0.94044712 0.94044712
  0.94044712 0.94044712 0.94044712 0.94044712 0.94044712 0.94044712
  0.94044712 0.94044712]]","[[0.94044712 0.94044712 0.94044712 0.94044712 0.94044712 0.94044712
  0.94044712 0.94044712 0.94044712 0.94044712 0.94044712 0.94044712
  0.94044712 0.94044712 0.94044712 0.94044712 0.94044712 0.94044712
  0.94044712 0.94044712 0.94044712 0.94044712 0.94044712 0.94044712
  0.94044712 0.94044712 0.94044712 0.94044712 0.94044712 0.94044712
  0.94044712 0.94044712]]","[[0.94044712 0.94044712 0.94044712 0.94044712 0.94044712 0.94044712
  0.94044712 0.94044712 0.94044712 0.94044712 0.94044712 0.94044712
  0.94044712 0.94044712 0.94044712 0.94044712 0.94044712 0.94044712
  0.94044712 0.94044712 0.94044712 0.94044712 0.94044712 0.94044712
  0.94044712 0.94044712 0.94044712 0.94044712 0.94044712 0.94044712
  0.94044712 0.94044712]]"
"[[0.93294001 0.93294001 0.93294001 0.93294001 0.93294001 0.93294001
  0.93294001 0.93294001 0.93294001 0.93294001 0.93294001 0.93294001
  0.93294001 0.93294001 0.93294001 0.93294001 0.93294001 0.93294001
  0.93294001 0.93294001 0.93294001 0.93294001 0.93294001 0.93294001
  0.93294001 0.93294001 0.93294001 0.93294001 0.93294001 0.93294001
  0.93294001 0.93294001]]","[[0.93294001 0.93294001 0.93294001 0.93294001 0.93294001 0.93294001
  0.93294001 0.93294001 0.93294001 0.93294001 0.93294001 0.93294001
  0.93294001 0.93294001 0.93294001 0.93294001 0.93294001 0.93294001
  0.93294001 0.93294001 0.93294001 0.93294001 0.93294001 0.93294001
  0.93294001 0.93294001 0.93294001 0.93294001 0.93294001 0.93294001
  0.93294001 0.93294001]]","[[0.93294001 0.93294001 0.93294001 0.93294001 0.93294001 0.93294001
  0.93294001 0.93294001 0.93294001 0.93294001 0.93294001 0.93294001
  0.93294001 0.93294001 0.93294001 0.93294001 0.93294001 0.93294001
  0.93294001 0.93294001 0.93294001 0.93294001 0.93294001 0.93294001
  0.93294001 0.93294001 0.93294001 0.93294001 0.93294001 0.93294001
  0.93294001 0.93294001]]"
"[[0.94475372 0.94475372 0.94475372 0.94475372 0.94475372 0.94475372
  0.94475372 0.94475372 0.94475372 0.94475372 0.94475372 0.94475372
  0.94475372 0.94475372 0.94475372 0.94475372 0.94475372 0.94475372
  0.94475372 0.94475372 0.94475372 0.94475372 0.94475372 0.94475372
  0.94475372 0.94475372 0.94475372 0.94475372 0.94475372 0.94475372
  0.94475372 0.94475372]]","[[0.94475372 0.94475372 0.94475372 0.94475372 0.94475372 0.94475372
  0.94475372 0.94475372 0.94475372 0.94475372 0.94475372 0.94475372
  0.94475372 0.94475372 0.94475372 0.94475372 0.94475372 0.94475372
  0.94475372 0.94475372 0.94475372 0.94475372 0.94475372 0.94475372
  0.94475372 0.94475372 0.94475372 0.94475372 0.94475372 0.94475372
  0.94475372 0.94475372]]","[[0.94475372 0.94475372 0.94475372 0.94475372 0.94475372 0.94475372
  0.94475372 0.94475372 0.94475372 0.94475372 0.94475372 0.94475372
  0.94475372 0.94475372 0.94475372 0.94475372 0.94475372 0.94475372
  0.94475372 0.94475372 0.94475372 0.94475372 0.94475372 0.94475372
  0.94475372 0.94475372 0.94475372 0.94475372 0.94475372 0.94475372
  0.94475372 0.94475372]]"
"[[0.93397457 0.93397457 0.93397457 0.93397457 0.93397457 0.93397457
  0.93397457 0.93397457 0.93397457 0.93397457 0.93397457 0.93397457
  0.93397457 0.93397457 0.93397457 0.93397457 0.93397457 0.93397457
  0.93397457 0.93397457 0.93397457 0.93397457 0.93397457 0.93397457
  0.93397457 0.93397457 0.93397457 0.93397457 0.93397457 0.93397457
  0.93397457 0.93397457]]","[[0.93397457 0.93397457 0.93397457 0.93397457 0.93397457 0.93397457
  0.93397457 0.93397457 0.93397457 0.93397457 0.93397457 0.93397457
  0.93397457 0.93397457 0.93397457 0.93397457 0.93397457 0.93397457
  0.93397457 0.93397457 0.93397457 0.93397457 0.93397457 0.93397457
  0.93397457 0.93397457 0.93397457 0.93397457 0.93397457 0.93397457
  0.93397457 0.93397457]]","[[0.93397457 0.93397457 0.93397457 0.93397457 0.93397457 0.93397457
  0.93397457 0.93397457 0.93397457 0.93397457 0.93397457 0.93397457
  0.93397457 0.93397457 0.93397457 0.93397457 0.93397457 0.93397457
  0.93397457 0.93397457 0.93397457 0.93397457 0.93397457 0.93397457
  0.93397457 0.93397457 0.93397457 0.93397457 0.93397457 0.93397457
  0.93397457 0.93397457]]"
"[[0.93945186 0.93945186 0.93945186 0.93945186 0.93945186 0.93945186
  0.93945186 0.93945186 0.93945186 0.93945186 0.93945186 0.93945186
  0.93945186 0.93945186 0.93945186 0.93945186 0.93945186 0.93945186
  0.93945186 0.93945186 0.93945186 0.93945186 0.93945186 0.93945186
  0.93945186 0.93945186 0.93945186 0.93945186 0.93945186 0.93945186
  0.93945186 0.93945186]]","[[0.93945186 0.93945186 0.93945186 0.93945186 0.93945186 0.93945186
  0.93945186 0.93945186 0.93945186 0.93945186 0.93945186 0.93945186
  0.93945186 0.93945186 0.93945186 0.93945186 0.93945186 0.93945186
  0.93945186 0.93945186 0.93945186 0.93945186 0.93945186 0.93945186
  0.93945186 0.93945186 0.93945186 0.93945186 0.93945186 0.93945186
  0.93945186 0.93945186]]","[[0.93945186 0.93945186 0.93945186 0.93945186 0.93945186 0.93945186
  0.93945186 0.93945186 0.93945186 0.93945186 0.93945186 0.93945186
  0.93945186 0.93945186 0.93945186 0.93945186 0.93945186 0.93945186
  0.93945186 0.93945186 0.93945186 0.93945186 0.93945186 0.93945186
  0.93945186 0.93945186 0.93945186 0.93945186 0.93945186 0.93945186
  0.93945186 0.93945186]]"
"[[0.94439866 0.94439866 0.94439866 0.94439866 0.94439866 0.94439866
  0.94439866 0.94439866 0.94439866 0.94439866 0.94439866 0.94439866
  0.94439866 0.94439866 0.94439866 0.94439866 0.94439866 0.94439866
  0.94439866 0.94439866 0.94439866 0.94439866 0.94439866 0.94439866
  0.94439866 0.94439866 0.94439866 0.94439866 0.94439866 0.94439866
  0.94439866 0.94439866]]","[[0.94439866 0.94439866 0.94439866 0.94439866 0.94439866 0.94439866
  0.94439866 0.94439866 0.94439866 0.94439866 0.94439866 0.94439866
  0.94439866 0.94439866 0.94439866 0.94439866 0.94439866 0.94439866
  0.94439866 0.94439866 0.94439866 0.94439866 0.94439866 0.94439866
  0.94439866 0.94439866 0.94439866 0.94439866 0.94439866 0.94439866
  0.94439866 0.94439866]]","[[0.94439866 0.94439866 0.94439866 0.94439866 0.94439866 0.94439866
  0.94439866 0.94439866 0.94439866 0.94439866 0.94439866 0.94439866
  0.94439866 0.94439866 0.94439866 0.94439866 0.94439866 0.94439866
  0.94439866 0.94439866 0.94439866 0.94439866 0.94439866 0.94439866
  0.94439866 0.94439866 0.94439866 0.94439866 0.94439866 0.94439866
  0.94439866 0.94439866]]"
"[[0.93488781 0.93488781 0.93488781 0.93488781 0.93488781 0.93488781
  0.93488781 0.93488781 0.93488781 0.93488781 0.93488781 0.93488781
  0.93488781 0.93488781 0.93488781 0.93488781 0.93488781 0.93488781
  0.93488781 0.93488781 0.93488781 0.93488781 0.93488781 0.93488781
  0.93488781 0.93488781 0.93488781 0.93488781 0.93488781 0.93488781
  0.93488781 0.93488781]]","[[0.93488781 0.93488781 0.93488781 0.93488781 0.93488781 0.93488781
  0.93488781 0.93488781 0.93488781 0.93488781 0.93488781 0.93488781
  0.93488781 0.93488781 0.93488781 0.93488781 0.93488781 0.93488781
  0.93488781 0.93488781 0.93488781 0.93488781 0.93488781 0.93488781
  0.93488781 0.93488781 0.93488781 0.93488781 0.93488781 0.93488781
  0.93488781 0.93488781]]","[[0.93488781 0.93488781 0.93488781 0.93488781 0.93488781 0.93488781
  0.93488781 0.93488781 0.93488781 0.93488781 0.93488781 0.93488781
  0.93488781 0.93488781 0.93488781 0.93488781 0.93488781 0.93488781
  0.93488781 0.93488781 0.93488781 0.93488781 0.93488781 0.93488781
  0.93488781 0.93488781 0.93488781 0.93488781 0.93488781 0.93488781
  0.93488781 0.93488781]]"
"[[0.94144231 0.94144231 0.94144231 0.94144231 0.94144231 0.94144231
  0.94144231 0.94144231 0.94144231 0.94144231 0.94144231 0.94144231
  0.94144231 0.94144231 0.94144231 0.94144231 0.94144231 0.94144231
  0.94144231 0.94144231 0.94144231 0.94144231 0.94144231 0.94144231
  0.94144231 0.94144231 0.94144231 0.94144231 0.94144231 0.94144231
  0.94144231 0.94144231]]","[[0.94144231 0.94144231 0.94144231 0.94144231 0.94144231 0.94144231
  0.94144231 0.94144231 0.94144231 0.94144231 0.94144231 0.94144231
  0.94144231 0.94144231 0.94144231 0.94144231 0.94144231 0.94144231
  0.94144231 0.94144231 0.94144231 0.94144231 0.94144231 0.94144231
  0.94144231 0.94144231 0.94144231 0.94144231 0.94144231 0.94144231
  0.94144231 0.94144231]]","[[0.94144231 0.94144231 0.94144231 0.94144231 0.94144231 0.94144231
  0.94144231 0.94144231 0.94144231 0.94144231 0.94144231 0.94144231
  0.94144231 0.94144231 0.94144231 0.94144231 0.94144231 0.94144231
  0.94144231 0.94144231 0.94144231 0.94144231 0.94144231 0.94144231
  0.94144231 0.94144231 0.94144231 0.94144231 0.94144231 0.94144231
  0.94144231 0.94144231]]"
"[[0.92959664 0.92959664 0.92959664 0.92959664 0.92959664 0.92959664
  0.92959664 0.92959664 0.92959664 0.92959664 0.92959664 0.92959664
  0.92959664 0.92959664 0.92959664 0.92959664 0.92959664 0.92959664
  0.92959664 0.92959664 0.92959664 0.92959664 0.92959664 0.92959664
  0.92959664 0.92959664 0.92959664 0.92959664 0.92959664 0.92959664
  0.92959664 0.92959664]]","[[0.92959664 0.92959664 0.92959664 0.92959664 0.92959664 0.92959664
  0.92959664 0.92959664 0.92959664 0.92959664 0.92959664 0.92959664
  0.92959664 0.92959664 0.92959664 0.92959664 0.92959664 0.92959664
  0.92959664 0.92959664 0.92959664 0.92959664 0.92959664 0.92959664
  0.92959664 0.92959664 0.92959664 0.92959664 0.92959664 0.92959664
  0.92959664 0.92959664]]","[[0.92959664 0.92959664 0.92959664 0.92959664 0.92959664 0.92959664
  0.92959664 0.92959664 0.92959664 0.92959664 0.92959664 0.92959664
  0.92959664 0.92959664 0.92959664 0.92959664 0.92959664 0.92959664
  0.92959664 0.92959664 0.92959664 0.92959664 0.92959664 0.92959664
  0.92959664 0.92959664 0.92959664 0.92959664 0.92959664 0.92959664
  0.92959664 0.92959664]]"
"[[0.93671573 0.93671573 0.93671573 0.93671573 0.93671573 0.93671573
  0.93671573 0.93671573 0.93671573 0.93671573 0.93671573 0.93671573
  0.93671573 0.93671573 0.93671573 0.93671573 0.93671573 0.93671573
  0.93671573 0.93671573 0.93671573 0.93671573 0.93671573 0.93671573
  0.93671573 0.93671573 0.93671573 0.93671573 0.93671573 0.93671573
  0.93671573 0.93671573]]","[[0.93671573 0.93671573 0.93671573 0.93671573 0.93671573 0.93671573
  0.93671573 0.93671573 0.93671573 0.93671573 0.93671573 0.93671573
  0.93671573 0.93671573 0.93671573 0.93671573 0.93671573 0.93671573
  0.93671573 0.93671573 0.93671573 0.93671573 0.93671573 0.93671573
  0.93671573 0.93671573 0.93671573 0.93671573 0.93671573 0.93671573
  0.93671573 0.93671573]]","[[0.93671573 0.93671573 0.93671573 0.93671573 0.93671573 0.93671573
  0.93671573 0.93671573 0.93671573 0.93671573 0.93671573 0.93671573
  0.93671573 0.93671573 0.93671573 0.93671573 0.93671573 0.93671573
  0.93671573 0.93671573 0.93671573 0.93671573 0.93671573 0.93671573
  0.93671573 0.93671573 0.93671573 0.93671573 0.93671573 0.93671573
  0.93671573 0.93671573]]"
"[[0.93769586 0.93769586 0.93769586 0.93769586 0.93769586 0.93769586
  0.93769586 0.93769586 0.93769586 0.93769586 0.93769586 0.93769586
  0.93769586 0.93769586 0.93769586 0.93769586 0.93769586 0.93769586
  0.93769586 0.93769586 0.93769586 0.93769586 0.93769586 0.93769586
  0.93769586 0.93769586 0.93769586 0.93769586 0.93769586 0.93769586
  0.93769586 0.93769586]]","[[0.93769586 0.93769586 0.93769586 0.93769586 0.93769586 0.93769586
  0.93769586 0.93769586 0.93769586 0.93769586 0.93769586 0.93769586
  0.93769586 0.93769586 0.93769586 0.93769586 0.93769586 0.93769586
  0.93769586 0.93769586 0.93769586 0.93769586 0.93769586 0.93769586
  0.93769586 0.93769586 0.93769586 0.93769586 0.93769586 0.93769586
  0.93769586 0.93769586]]","[[0.93769586 0.93769586 0.93769586 0.93769586 0.93769586 0.93769586
  0.93769586 0.93769586 0.93769586 0.93769586 0.93769586 0.93769586
  0.93769586 0.93769586 0.93769586 0.93769586 0.93769586 0.93769586
  0.93769586 0.93769586 0.93769586 0.93769586 0.93769586 0.93769586
  0.93769586 0.93769586 0.93769586 0.93769586 0.93769586 0.93769586
  0.93769586 0.93769586]]"
"[[0.93944588 0.93944588 0.93944588 0.93944588 0.93944588 0.93944588
  0.93944588 0.93944588 0.93944588 0.93944588 0.93944588 0.93944588
  0.93944588 0.93944588 0.93944588 0.93944588 0.93944588 0.93944588
  0.93944588 0.93944588 0.93944588 0.93944588 0.93944588 0.93944588
  0.93944588 0.93944588 0.93944588 0.93944588 0.93944588 0.93944588
  0.93944588 0.93944588]]","[[0.93944588 0.93944588 0.93944588 0.93944588 0.93944588 0.93944588
  0.93944588 0.93944588 0.93944588 0.93944588 0.93944588 0.93944588
  0.93944588 0.93944588 0.93944588 0.93944588 0.93944588 0.93944588
  0.93944588 0.93944588 0.93944588 0.93944588 0.93944588 0.93944588
  0.93944588 0.93944588 0.93944588 0.93944588 0.93944588 0.93944588
  0.93944588 0.93944588]]","[[0.93944588 0.93944588 0.93944588 0.93944588 0.93944588 0.93944588
  0.93944588 0.93944588 0.93944588 0.93944588 0.93944588 0.93944588
  0.93944588 0.93944588 0.93944588 0.93944588 0.93944588 0.93944588
  0.93944588 0.93944588 0.93944588 0.93944588 0.93944588 0.93944588
  0.93944588 0.93944588 0.93944588 0.93944588 0.93944588 0.93944588
  0.93944588 0.93944588]]"
"[[0.93480287 0.93480287 0.93480287 0.93480287 0.93480287 0.93480287
  0.93480287 0.93480287 0.93480287 0.93480287 0.93480287 0.93480287
  0.93480287 0.93480287 0.93480287 0.93480287 0.93480287 0.93480287
  0.93480287 0.93480287 0.93480287 0.93480287 0.93480287 0.93480287
  0.93480287 0.93480287 0.93480287 0.93480287 0.93480287 0.93480287
  0.93480287 0.93480287]]","[[0.93480287 0.93480287 0.93480287 0.93480287 0.93480287 0.93480287
  0.93480287 0.93480287 0.93480287 0.93480287 0.93480287 0.93480287
  0.93480287 0.93480287 0.93480287 0.93480287 0.93480287 0.93480287
  0.93480287 0.93480287 0.93480287 0.93480287 0.93480287 0.93480287
  0.93480287 0.93480287 0.93480287 0.93480287 0.93480287 0.93480287
  0.93480287 0.93480287]]","[[0.93480287 0.93480287 0.93480287 0.93480287 0.93480287 0.93480287
  0.93480287 0.93480287 0.93480287 0.93480287 0.93480287 0.93480287
  0.93480287 0.93480287 0.93480287 0.93480287 0.93480287 0.93480287
  0.93480287 0.93480287 0.93480287 0.93480287 0.93480287 0.93480287
  0.93480287 0.93480287 0.93480287 0.93480287 0.93480287 0.93480287
  0.93480287 0.93480287]]"
"[[0.9393619 0.9393619 0.9393619 0.9393619 0.9393619 0.9393619 0.9393619
  0.9393619 0.9393619 0.9393619 0.9393619 0.9393619 0.9393619 0.9393619
  0.9393619 0.9393619 0.9393619 0.9393619 0.9393619 0.9393619 0.9393619
  0.9393619 0.9393619 0.9393619 0.9393619 0.9393619 0.9393619 0.9393619
  0.9393619 0.9393619 0.9393619 0.9393619]]","[[0.9393619 0.9393619 0.9393619 0.9393619 0.9393619 0.9393619 0.9393619
  0.9393619 0.9393619 0.9393619 0.9393619 0.9393619 0.9393619 0.9393619
  0.9393619 0.9393619 0.9393619 0.9393619 0.9393619 0.9393619 0.9393619
  0.9393619 0.9393619 0.9393619 0.9393619 0.9393619 0.9393619 0.9393619
  0.9393619 0.9393619 0.9393619 0.9393619]]","[[0.9393619 0.9393619 0.9393619 0.9393619 0.9393619 0.9393619 0.9393619
  0.9393619 0.9393619 0.9393619 0.9393619 0.9393619 0.9393619 0.9393619
  0.9393619 0.9393619 0.9393619 0.9393619 0.9393619 0.9393619 0.9393619
  0.9393619 0.9393619 0.9393619 0.9393619 0.9393619 0.9393619 0.9393619
  0.9393619 0.9393619 0.9393619 0.9393619]]"
"[[0.9408516 0.9408516 0.9408516 0.9408516 0.9408516 0.9408516 0.9408516
  0.9408516 0.9408516 0.9408516 0.9408516 0.9408516 0.9408516 0.9408516
  0.9408516 0.9408516 0.9408516 0.9408516 0.9408516 0.9408516 0.9408516
  0.9408516 0.9408516 0.9408516 0.9408516 0.9408516 0.9408516 0.9408516
  0.9408516 0.9408516 0.9408516 0.9408516]]","[[0.9408516 0.9408516 0.9408516 0.9408516 0.9408516 0.9408516 0.9408516
  0.9408516 0.9408516 0.9408516 0.9408516 0.9408516 0.9408516 0.9408516
  0.9408516 0.9408516 0.9408516 0.9408516 0.9408516 0.9408516 0.9408516
  0.9408516 0.9408516 0.9408516 0.9408516 0.9408516 0.9408516 0.9408516
  0.9408516 0.9408516 0.9408516 0.9408516]]","[[0.9408516 0.9408516 0.9408516 0.9408516 0.9408516 0.9408516 0.9408516
  0.9408516 0.9408516 0.9408516 0.9408516 0.9408516 0.9408516 0.9408516
  0.9408516 0.9408516 0.9408516 0.9408516 0.9408516 0.9408516 0.9408516
  0.9408516 0.9408516 0.9408516 0.9408516 0.9408516 0.9408516 0.9408516
  0.9408516 0.9408516 0.9408516 0.9408516]]"
"[[0.94312866 0.94312866 0.94312866 0.94312866 0.94312866 0.94312866
  0.94312866 0.94312866 0.94312866 0.94312866 0.94312866 0.94312866
  0.94312866 0.94312866 0.94312866 0.94312866 0.94312866 0.94312866
  0.94312866 0.94312866 0.94312866 0.94312866 0.94312866 0.94312866
  0.94312866 0.94312866 0.94312866 0.94312866 0.94312866 0.94312866
  0.94312866 0.94312866]]","[[0.94312866 0.94312866 0.94312866 0.94312866 0.94312866 0.94312866
  0.94312866 0.94312866 0.94312866 0.94312866 0.94312866 0.94312866
  0.94312866 0.94312866 0.94312866 0.94312866 0.94312866 0.94312866
  0.94312866 0.94312866 0.94312866 0.94312866 0.94312866 0.94312866
  0.94312866 0.94312866 0.94312866 0.94312866 0.94312866 0.94312866
  0.94312866 0.94312866]]","[[0.94312866 0.94312866 0.94312866 0.94312866 0.94312866 0.94312866
  0.94312866 0.94312866 0.94312866 0.94312866 0.94312866 0.94312866
  0.94312866 0.94312866 0.94312866 0.94312866 0.94312866 0.94312866
  0.94312866 0.94312866 0.94312866 0.94312866 0.94312866 0.94312866
  0.94312866 0.94312866 0.94312866 0.94312866 0.94312866 0.94312866
  0.94312866 0.94312866]]"
"[[0.9414991 0.9414991 0.9414991 0.9414991 0.9414991 0.9414991 0.9414991
  0.9414991 0.9414991 0.9414991 0.9414991 0.9414991 0.9414991 0.9414991
  0.9414991 0.9414991 0.9414991 0.9414991 0.9414991 0.9414991 0.9414991
  0.9414991 0.9414991 0.9414991 0.9414991 0.9414991 0.9414991 0.9414991
  0.9414991 0.9414991 0.9414991 0.9414991]]","[[0.9414991 0.9414991 0.9414991 0.9414991 0.9414991 0.9414991 0.9414991
  0.9414991 0.9414991 0.9414991 0.9414991 0.9414991 0.9414991 0.9414991
  0.9414991 0.9414991 0.9414991 0.9414991 0.9414991 0.9414991 0.9414991
  0.9414991 0.9414991 0.9414991 0.9414991 0.9414991 0.9414991 0.9414991
  0.9414991 0.9414991 0.9414991 0.9414991]]","[[0.9414991 0.9414991 0.9414991 0.9414991 0.9414991 0.9414991 0.9414991
  0.9414991 0.9414991 0.9414991 0.9414991 0.9414991 0.9414991 0.9414991
  0.9414991 0.9414991 0.9414991 0.9414991 0.9414991 0.9414991 0.9414991
  0.9414991 0.9414991 0.9414991 0.9414991 0.9414991 0.9414991 0.9414991
  0.9414991 0.9414991 0.9414991 0.9414991]]"
"[[0.94145376 0.94145376 0.94145376 0.94145376 0.94145376 0.94145376
  0.94145376 0.94145376 0.94145376 0.94145376 0.94145376 0.94145376
  0.94145376 0.94145376 0.94145376 0.94145376 0.94145376 0.94145376
  0.94145376 0.94145376 0.94145376 0.94145376 0.94145376 0.94145376
  0.94145376 0.94145376 0.94145376 0.94145376 0.94145376 0.94145376
  0.94145376 0.94145376]]","[[0.94145376 0.94145376 0.94145376 0.94145376 0.94145376 0.94145376
  0.94145376 0.94145376 0.94145376 0.94145376 0.94145376 0.94145376
  0.94145376 0.94145376 0.94145376 0.94145376 0.94145376 0.94145376
  0.94145376 0.94145376 0.94145376 0.94145376 0.94145376 0.94145376
  0.94145376 0.94145376 0.94145376 0.94145376 0.94145376 0.94145376
  0.94145376 0.94145376]]","[[0.94145376 0.94145376 0.94145376 0.94145376 0.94145376 0.94145376
  0.94145376 0.94145376 0.94145376 0.94145376 0.94145376 0.94145376
  0.94145376 0.94145376 0.94145376 0.94145376 0.94145376 0.94145376
  0.94145376 0.94145376 0.94145376 0.94145376 0.94145376 0.94145376
  0.94145376 0.94145376 0.94145376 0.94145376 0.94145376 0.94145376
  0.94145376 0.94145376]]"
"[[0.94257196 0.94257196 0.94257196 0.94257196 0.94257196 0.94257196
  0.94257196 0.94257196 0.94257196 0.94257196 0.94257196 0.94257196
  0.94257196 0.94257196 0.94257196 0.94257196 0.94257196 0.94257196
  0.94257196 0.94257196 0.94257196 0.94257196 0.94257196 0.94257196
  0.94257196 0.94257196 0.94257196 0.94257196 0.94257196 0.94257196
  0.94257196 0.94257196]]","[[0.94257196 0.94257196 0.94257196 0.94257196 0.94257196 0.94257196
  0.94257196 0.94257196 0.94257196 0.94257196 0.94257196 0.94257196
  0.94257196 0.94257196 0.94257196 0.94257196 0.94257196 0.94257196
  0.94257196 0.94257196 0.94257196 0.94257196 0.94257196 0.94257196
  0.94257196 0.94257196 0.94257196 0.94257196 0.94257196 0.94257196
  0.94257196 0.94257196]]","[[0.94257196 0.94257196 0.94257196 0.94257196 0.94257196 0.94257196
  0.94257196 0.94257196 0.94257196 0.94257196 0.94257196 0.94257196
  0.94257196 0.94257196 0.94257196 0.94257196 0.94257196 0.94257196
  0.94257196 0.94257196 0.94257196 0.94257196 0.94257196 0.94257196
  0.94257196 0.94257196 0.94257196 0.94257196 0.94257196 0.94257196
  0.94257196 0.94257196]]"
"[[0.93446593 0.93446593 0.93446593 0.93446593 0.93446593 0.93446593
  0.93446593 0.93446593 0.93446593 0.93446593 0.93446593 0.93446593
  0.93446593 0.93446593 0.93446593 0.93446593 0.93446593 0.93446593
  0.93446593 0.93446593 0.93446593 0.93446593 0.93446593 0.93446593
  0.93446593 0.93446593 0.93446593 0.93446593 0.93446593 0.93446593
  0.93446593 0.93446593]]","[[0.93446593 0.93446593 0.93446593 0.93446593 0.93446593 0.93446593
  0.93446593 0.93446593 0.93446593 0.93446593 0.93446593 0.93446593
  0.93446593 0.93446593 0.93446593 0.93446593 0.93446593 0.93446593
  0.93446593 0.93446593 0.93446593 0.93446593 0.93446593 0.93446593
  0.93446593 0.93446593 0.93446593 0.93446593 0.93446593 0.93446593
  0.93446593 0.93446593]]","[[0.93446593 0.93446593 0.93446593 0.93446593 0.93446593 0.93446593
  0.93446593 0.93446593 0.93446593 0.93446593 0.93446593 0.93446593
  0.93446593 0.93446593 0.93446593 0.93446593 0.93446593 0.93446593
  0.93446593 0.93446593 0.93446593 0.93446593 0.93446593 0.93446593
  0.93446593 0.93446593 0.93446593 0.93446593 0.93446593 0.93446593
  0.93446593 0.93446593]]"
"[[0.9387068 0.9387068 0.9387068 0.9387068 0.9387068 0.9387068 0.9387068
  0.9387068 0.9387068 0.9387068 0.9387068 0.9387068 0.9387068 0.9387068
  0.9387068 0.9387068 0.9387068 0.9387068 0.9387068 0.9387068 0.9387068
  0.9387068 0.9387068 0.9387068 0.9387068 0.9387068 0.9387068 0.9387068
  0.9387068 0.9387068 0.9387068 0.9387068]]","[[0.9387068 0.9387068 0.9387068 0.9387068 0.9387068 0.9387068 0.9387068
  0.9387068 0.9387068 0.9387068 0.9387068 0.9387068 0.9387068 0.9387068
  0.9387068 0.9387068 0.9387068 0.9387068 0.9387068 0.9387068 0.9387068
  0.9387068 0.9387068 0.9387068 0.9387068 0.9387068 0.9387068 0.9387068
  0.9387068 0.9387068 0.9387068 0.9387068]]","[[0.9387068 0.9387068 0.9387068 0.9387068 0.9387068 0.9387068 0.9387068
  0.9387068 0.9387068 0.9387068 0.9387068 0.9387068 0.9387068 0.9387068
  0.9387068 0.9387068 0.9387068 0.9387068 0.9387068 0.9387068 0.9387068
  0.9387068 0.9387068 0.9387068 0.9387068 0.9387068 0.9387068 0.9387068
  0.9387068 0.9387068 0.9387068 0.9387068]]"
"[[0.94059219 0.94059219 0.94059219 0.94059219 0.94059219 0.94059219
  0.94059219 0.94059219 0.94059219 0.94059219 0.94059219 0.94059219
  0.94059219 0.94059219 0.94059219 0.94059219 0.94059219 0.94059219
  0.94059219 0.94059219 0.94059219 0.94059219 0.94059219 0.94059219
  0.94059219 0.94059219 0.94059219 0.94059219 0.94059219 0.94059219
  0.94059219 0.94059219]]","[[0.94059219 0.94059219 0.94059219 0.94059219 0.94059219 0.94059219
  0.94059219 0.94059219 0.94059219 0.94059219 0.94059219 0.94059219
  0.94059219 0.94059219 0.94059219 0.94059219 0.94059219 0.94059219
  0.94059219 0.94059219 0.94059219 0.94059219 0.94059219 0.94059219
  0.94059219 0.94059219 0.94059219 0.94059219 0.94059219 0.94059219
  0.94059219 0.94059219]]","[[0.94059219 0.94059219 0.94059219 0.94059219 0.94059219 0.94059219
  0.94059219 0.94059219 0.94059219 0.94059219 0.94059219 0.94059219
  0.94059219 0.94059219 0.94059219 0.94059219 0.94059219 0.94059219
  0.94059219 0.94059219 0.94059219 0.94059219 0.94059219 0.94059219
  0.94059219 0.94059219 0.94059219 0.94059219 0.94059219 0.94059219
  0.94059219 0.94059219]]"
"[[-0.00052 -0.00052 -0.00052 -0.00052 -0.00052 -0.00052 -0.00052 -0.00052
  -0.00052 -0.00052 -0.00052 -0.00052 -0.00052 -0.00052 -0.00052 -0.00052
  -0.00052 -0.00052 -0.00052 -0.00052 -0.00052 -0.00052 -0.00052 -0.00052
  -0.00052 -0.00052 -0.00052 -0.00052 -0.00052 -0.00052 -0.00052 -0.00052]]","[[-0.00052 -0.00052 -0.00052 -0.00052 -0.00052 -0.00052 -0.00052 -0.00052
  -0.00052 -0.00052 -0.00052 -0.00052 -0.00052 -0.00052 -0.00052 -0.00052
  -0.00052 -0.00052 -0.00052 -0.00052 -0.00052 -0.00052 -0.00052 -0.00052
  -0.00052 -0.00052 -0.00052 -0.00052 -0.00052 -0.00052 -0.00052 -0.00052]]","[[-0.00052 -0.00052 -0.00052 -0.00052 -0.00052 -0.00052 -0.00052 -0.00052
  -0.00052 -0.00052 -0.00052 -0.00052 -0.00052 -0.00052 -0.00052 -0.00052
  -0.00052 -0.00052 -0.00052 -0.00052 -0.00052 -0.00052 -0.00052 -0.00052
  -0.00052 -0.00052 -0.00052 -0.00052 -0.00052 -0.00052 -0.00052 -0.00052]]"
